{"stats":{"minecraft:picked_up":{"securitycraft:sentry":6},"minecraft:used":{"securitycraft:sentry":6},"minecraft:killed":{"minecraft:bat":1},"minecraft:custom":{"minecraft:jump":367,"minecraft:time_since_rest":21238,"minecraft:damage_dealt":59,"minecraft:crouch_one_cm":128,"minecraft:play_one_minute":21238,"minecraft:leave_game":1,"minecraft:sprint_one_cm":39519,"minecraft:walk_on_water_one_cm":140,"minecraft:time_since_death":21238,"minecraft:walk_one_cm":8706,"minecraft:sneak_time":849,"minecraft:mob_kills":1,"minecraft:fall_one_cm":418,"minecraft:fly_one_cm":538975}},"DataVersion":2586}