{"stats":{"minecraft:dropped":{"minecraft:bamboo":1},"minecraft:used":{"minecraft:bamboo":1},"minecraft:custom":{"minecraft:jump":74,"minecraft:time_since_rest":27965,"minecraft:crouch_one_cm":137,"minecraft:play_one_minute":27965,"minecraft:walk_on_water_one_cm":73,"minecraft:sprint_one_cm":24112,"minecraft:damage_taken":20,"minecraft:time_since_death":27965,"minecraft:walk_one_cm":597,"minecraft:sneak_time":1038,"minecraft:climb_one_cm":870,"minecraft:drop":1,"minecraft:fall_one_cm":1760,"minecraft:fly_one_cm":369359}},"DataVersion":2586}