{"stats":{"minecraft:killed_by":{"minecraft:creeper":2,"minecraft:zombie":1,"minecraft:enderman":1},"minecraft:dropped":{"minecraft:bamboo":1},"minecraft:used":{"minecraft:wooden_axe":8,"minecraft:acacia_log":22,"minecraft:bamboo":1,"minecraft:crafting_table":1,"minecraft:acacia_planks":24},"minecraft:crafted":{"minecraft:oak_planks":12,"minecraft:crafting_table":1,"minecraft:stick":4,"minecraft:wooden_axe":1,"minecraft:acacia_planks":88},"minecraft:custom":{"minecraft:time_since_rest":544,"minecraft:sprint_one_cm":56859,"minecraft:damage_taken":1505,"minecraft:walk_one_cm":14928,"minecraft:mob_kills":4,"minecraft:drop":1,"minecraft:damage_dealt":776,"minecraft:swim_one_cm":6188,"minecraft:interact_with_crafting_table":1,"minecraft:fly_one_cm":610354,"minecraft:crouch_one_cm":1776,"minecraft:play_one_minute":51965,"minecraft:deaths":6,"minecraft:sneak_time":2078,"minecraft:walk_under_water_one_cm":218,"minecraft:jump":536,"minecraft:walk_on_water_one_cm":724,"minecraft:time_since_death":512,"minecraft:climb_one_cm":1865,"minecraft:fall_one_cm":15520,"minecraft:horse_one_cm":23772},"minecraft:mined":{"minecraft:dandelion":1,"minecraft:grass":11,"minecraft:acacia_log":22,"minecraft:grass_block":1,"minecraft:oak_log":3,"minecraft:tall_grass":4,"minecraft:oak_leaves":1},"minecraft:picked_up":{"minecraft:stick":3,"minecraft:dandelion":1,"minecraft:acacia_log":22,"minecraft:porkchop":4,"minecraft:oak_log":3,"minecraft:string":2,"minecraft:dirt":36,"minecraft:wheat_seeds":6,"minecraft:mutton":2,"minecraft:acacia_sapling":4,"minecraft:white_wool":1},"minecraft:killed":{"minecraft:sheep":1,"minecraft:pig":2,"minecraft:enderman":1}},"DataVersion":2586}