{"stats":{"minecraft:dropped":{"minecraft:bamboo":1},"minecraft:used":{"minecraft:bamboo":1},"minecraft:custom":{"minecraft:jump":143,"minecraft:time_since_rest":39965,"minecraft:damage_dealt":61,"minecraft:crouch_one_cm":183,"minecraft:play_one_minute":39965,"minecraft:walk_on_water_one_cm":73,"minecraft:sprint_one_cm":28426,"minecraft:damage_taken":165,"minecraft:time_since_death":39965,"minecraft:walk_one_cm":4637,"minecraft:sneak_time":1260,"minecraft:climb_one_cm":870,"minecraft:drop":1,"minecraft:fall_one_cm":2596,"minecraft:fly_one_cm":473517,"minecraft:horse_one_cm":23772},"minecraft:mined":{"minecraft:grass":1},"minecraft:picked_up":{"minecraft:wheat_seeds":2,"minecraft:dirt":20}},"DataVersion":2586}