{
  "minecraft:adventure/adventuring_time": {
    "criteria": {
      "minecraft:jungle_edge": "2024-08-16 22:42:59 +0000",
      "minecraft:forest": "2024-08-16 22:43:58 +0000",
      "minecraft:taiga": "2024-08-16 22:43:57 +0000",
      "minecraft:jungle": "2024-08-16 22:42:49 +0000",
      "minecraft:dark_forest": "2024-08-16 22:44:18 +0000",
      "minecraft:river": "2024-08-16 22:43:55 +0000",
      "minecraft:savanna": "2024-08-16 22:44:10 +0000",
      "minecraft:plains": "2024-08-16 22:43:54 +0000"
    },
    "done": false
  },
  "DataVersion": 2586
}