{
  "minecraft:recipes/transportation/acacia_boat": {
    "criteria": {
      "in_water": "2024-08-16 22:53:37 +0000"
    },
    "done": true
  },
  "minecraft:recipes/transportation/oak_boat": {
    "criteria": {
      "in_water": "2024-08-16 22:53:37 +0000"
    },
    "done": true
  },
  "securitycraft:recipes/securitycraft/remote_access_sentry": {
    "criteria": {
      "has_sentry": "2024-08-16 22:50:11 +0000"
    },
    "done": true
  },
  "minecraft:recipes/transportation/dark_oak_boat": {
    "criteria": {
      "in_water": "2024-08-16 22:53:37 +0000"
    },
    "done": true
  },
  "minecraft:adventure/root": {
    "criteria": {
      "killed_something": "2024-08-16 22:56:41 +0000"
    },
    "done": true
  },
  "minecraft:recipes/transportation/birch_boat": {
    "criteria": {
      "in_water": "2024-08-16 22:53:37 +0000"
    },
    "done": true
  },
  "minecraft:recipes/transportation/jungle_boat": {
    "criteria": {
      "in_water": "2024-08-16 22:53:37 +0000"
    },
    "done": true
  },
  "minecraft:recipes/transportation/spruce_boat": {
    "criteria": {
      "in_water": "2024-08-16 22:53:37 +0000"
    },
    "done": true
  },
  "minecraft:adventure/adventuring_time": {
    "criteria": {
      "minecraft:jungle_edge": "2024-08-16 22:42:59 +0000",
      "minecraft:forest": "2024-08-16 22:43:58 +0000",
      "minecraft:mountains": "2024-08-16 22:51:59 +0000",
      "minecraft:taiga": "2024-08-16 22:43:57 +0000",
      "minecraft:jungle": "2024-08-16 22:42:49 +0000",
      "minecraft:savanna_plateau": "2024-08-16 22:52:08 +0000",
      "minecraft:dark_forest": "2024-08-16 22:44:18 +0000",
      "minecraft:river": "2024-08-16 22:43:55 +0000",
      "minecraft:wooded_mountains": "2024-08-16 22:52:01 +0000",
      "minecraft:wooded_hills": "2024-08-16 23:01:45 +0000",
      "minecraft:swamp": "2024-08-16 22:57:45 +0000",
      "minecraft:savanna": "2024-08-16 22:44:10 +0000",
      "minecraft:plains": "2024-08-16 22:43:54 +0000"
    },
    "done": false
  },
  "minecraft:husbandry/tame_an_animal": {
    "criteria": {
      "tamed_animal": "2024-08-16 22:48:22 +0000"
    },
    "done": true
  },
  "DataVersion": 2586
}