{
  "minecraft:adventure/adventuring_time": {
    "criteria": {
      "minecraft:jungle_edge": "2024-08-17 00:25:14 +0000",
      "minecraft:forest": "2024-08-17 00:28:16 +0000",
      "minecraft:mountains": "2024-08-17 00:27:52 +0000",
      "minecraft:taiga": "2024-08-17 00:25:48 +0000",
      "minecraft:jungle": "2024-08-17 00:24:14 +0000",
      "minecraft:river": "2024-08-17 00:25:39 +0000",
      "minecraft:savanna": "2024-08-17 00:25:44 +0000",
      "minecraft:plains": "2024-08-17 00:25:40 +0000"
    },
    "done": false
  },
  "DataVersion": 2586
}