{
  "minecraft:recipes/transportation/acacia_boat": {
    "criteria": {
      "in_water": "2024-08-17 00:39:52 +0000"
    },
    "done": true
  },
  "minecraft:recipes/transportation/oak_boat": {
    "criteria": {
      "in_water": "2024-08-17 00:39:52 +0000"
    },
    "done": true
  },
  "minecraft:recipes/decorations/scaffolding": {
    "criteria": {
      "has_bamboo": "2024-08-17 00:38:19 +0000"
    },
    "done": true
  },
  "minecraft:recipes/transportation/dark_oak_boat": {
    "criteria": {
      "in_water": "2024-08-17 00:39:52 +0000"
    },
    "done": true
  },
  "minecraft:recipes/transportation/birch_boat": {
    "criteria": {
      "in_water": "2024-08-17 00:39:52 +0000"
    },
    "done": true
  },
  "minecraft:recipes/transportation/jungle_boat": {
    "criteria": {
      "in_water": "2024-08-17 00:39:52 +0000"
    },
    "done": true
  },
  "minecraft:recipes/misc/stick_from_bamboo_item": {
    "criteria": {
      "has_bamboo": "2024-08-17 00:38:19 +0000"
    },
    "done": true
  },
  "minecraft:recipes/transportation/spruce_boat": {
    "criteria": {
      "in_water": "2024-08-17 00:39:52 +0000"
    },
    "done": true
  },
  "ironchest:recipes/ironchest/chests/vanilla_dirt_chest": {
    "criteria": {
      "has_iron_ingot": "2024-08-17 00:56:48 +0000"
    },
    "done": true
  },
  "minecraft:adventure/adventuring_time": {
    "criteria": {
      "minecraft:jungle_edge": "2024-08-17 00:25:14 +0000",
      "minecraft:forest": "2024-08-17 00:28:16 +0000",
      "minecraft:mountains": "2024-08-17 00:27:52 +0000",
      "minecraft:taiga": "2024-08-17 00:25:48 +0000",
      "minecraft:taiga_hills": "2024-08-17 00:55:35 +0000",
      "minecraft:jungle": "2024-08-17 00:24:14 +0000",
      "minecraft:dark_forest": "2024-08-17 00:55:46 +0000",
      "minecraft:river": "2024-08-17 00:25:39 +0000",
      "minecraft:savanna": "2024-08-17 00:25:44 +0000",
      "minecraft:plains": "2024-08-17 00:25:40 +0000"
    },
    "done": false
  },
  "minecraft:husbandry/tame_an_animal": {
    "criteria": {
      "tamed_animal": "2024-08-17 00:56:21 +0000"
    },
    "done": true
  },
  "DataVersion": 2586
}